time,temp
2025-04-04 03:02:37,12.76
2025-04-04 03:46:18,13.76
2025-04-04 03:59:22,13.76
2025-04-04 04:43:50,14.76
2025-04-04 04:57:01,14.76
2025-04-04 05:38:04,14.76
2025-04-04 05:51:10,14.76
2025-04-04 06:47:21,14.76
2025-04-04 07:27:57,14.53
2025-04-04 07:43:06,14.76
2025-04-04 07:56:15,14.76
2025-04-04 08:46:18,13.76
2025-04-04 08:59:25,13.76
2025-04-04 09:35:38,11.76
2025-04-04 09:48:52,11.76
2025-04-04 10:40:21,9.76
2025-04-04 10:53:33,9.76
2025-04-04 11:27:06,7.76
2025-04-04 11:42:26,7.76
2025-04-04 11:55:29,7.76
2025-04-04 13:33:27,5.76
2025-04-04 13:47:45,5.76
2025-04-04 14:37:50,7.76
2025-04-04 14:51:26,7.76
2025-04-04 15:37:24,7.76
2025-04-04 15:51:38,7.76
2025-04-04 16:45:06,7.76
2025-04-04 16:58:10,7.76
2025-04-04 17:34:38,6.76
2025-04-04 17:47:37,6.76
2025-04-04 18:43:49,7.76
2025-04-04 18:57:07,7.76
2025-04-04 19:27:00,7.76
2025-04-04 19:40:27,7.76
2025-04-04 19:53:26,7.76
2025-04-04 20:33:35,7.76
2025-04-04 20:46:44,7.76
2025-04-04 20:59:39,7.76
2025-04-04 21:29:53,7.76
2025-04-04 21:42:58,7.76
2025-04-04 21:56:12,7.76
2025-04-04 22:37:04,8.76
2025-04-04 22:50:03,8.76
2025-04-04 23:28:31,7.76
2025-04-04 23:42:09,7.76
2025-04-04 23:55:16,7.76
2025-04-05 03:05:38,7.76
2025-04-05 03:49:23,7.76
2025-04-05 04:37:46,7.76
2025-04-05 04:51:15,7.76
2025-04-05 05:35:24,7.76
2025-04-05 05:48:27,7.76
2025-04-05 06:41:42,7.76
2025-04-05 06:54:51,7.76
2025-04-05 07:26:28,7.76
2025-04-05 07:39:59,7.76
2025-04-05 07:53:22,7.76
2025-04-05 08:37:49,7.76
2025-04-05 08:50:57,7.76
2025-04-05 09:28:38,7.76
2025-04-05 09:41:31,7.76
2025-04-05 09:54:43,7.76
2025-04-05 10:37:27,7.76
2025-04-05 10:50:37,7.76
2025-04-05 11:22:44,7.76
2025-04-05 11:39:14,7.76
2025-04-05 11:52:38,7.76
2025-04-05 13:02:17,7.76
2025-04-05 13:34:25,7.76
2025-04-05 13:47:53,7.76
2025-04-05 14:30:42,7.76
2025-04-05 14:43:56,7.76
2025-04-05 14:56:57,7.76
2025-04-05 15:30:02,6.76
2025-04-05 15:43:14,6.76
2025-04-05 15:56:14,6.76
2025-04-05 16:41:37,6.76
2025-04-05 16:54:56,6.76
2025-04-05 17:30:45,6.76
2025-04-05 17:43:50,6.76
2025-04-05 17:57:11,6.76
2025-04-05 18:40:58,7.76
2025-04-05 18:54:00,7.76
2025-04-05 19:21:30,6.76
2025-04-05 19:38:41,6.76
2025-04-05 19:52:05,6.76
2025-04-05 20:30:19,6.76
2025-04-05 20:43:27,6.76
2025-04-05 20:56:33,6.76
2025-04-05 21:28:35,5.76
2025-04-05 21:41:26,5.76
2025-04-05 21:54:23,5.76
2025-04-05 22:34:24,5.76
2025-04-05 22:47:47,5.76
2025-04-05 23:28:26,7.76
2025-04-05 23:41:44,7.76
2025-04-05 23:54:45,6.76
2025-04-06 03:11:37,12.67
2025-04-06 03:51:26,13.76
2025-04-06 04:45:26,13.76
2025-04-06 04:58:28,13.76
2025-04-06 05:34:38,13.76
2025-04-06 05:47:51,13.76
2025-04-06 06:46:44,13.76
2025-04-06 06:59:49,13.76
2025-04-06 07:28:15,13.76
2025-04-06 07:41:35,13.76
2025-04-06 07:55:01,13.76
2025-04-06 08:40:21,12.76
2025-04-06 08:53:38,12.76
2025-04-06 09:30:19,11.76
2025-04-06 09:43:10,11.76
2025-04-06 09:56:14,11.76
2025-04-06 10:38:06,9.76
2025-04-06 10:51:31,9.76
2025-04-06 11:23:31,8.76
2025-04-06 11:39:23,8.76
2025-04-06 11:52:45,8.76
2025-04-06 13:02:38,8.76
2025-04-06 13:36:12,7.76
2025-04-06 13:49:29,7.76
2025-04-06 14:31:47,5.76
2025-04-06 14:44:48,5.76
2025-04-06 14:57:47,5.76
2025-04-06 15:30:09,3.76
2025-04-06 15:43:20,3.76
2025-04-06 15:56:41,3.76
2025-04-06 16:41:00,3.76
2025-04-06 16:54:17,3.76
2025-04-06 17:30:02,4.76
2025-04-06 17:43:00,4.76
2025-04-06 17:56:25,4.76
2025-04-06 18:42:02,2.76
2025-04-06 18:54:54,2.76
2025-04-06 19:21:54,7.15
2025-04-06 19:39:59,2.76
2025-04-06 19:53:25,2.76
2025-04-06 20:31:45,3.76
2025-04-06 20:44:40,3.76
2025-04-06 20:58:02,3.76
2025-04-06 21:28:28,2.76
2025-04-06 21:41:49,2.76
2025-04-06 21:54:56,2.76
2025-04-06 22:34:05,3.76
2025-04-06 22:47:02,3.76
2025-04-06 23:00:14,3.76
2025-04-06 23:28:39,8.76
2025-04-06 23:42:02,8.76
2025-04-06 23:55:00,8.76
2025-04-07 03:12:23,15.76
2025-04-07 03:52:52,17.76
2025-04-07 04:41:06,17.76
2025-04-07 04:54:05,17.76
2025-04-07 05:38:32,18.76
2025-04-07 05:52:02,18.76
2025-04-07 06:49:36,19.76
2025-04-07 07:32:16,18.76
2025-04-07 07:45:25,18.76
2025-04-07 07:58:18,18.76
2025-04-07 08:49:04,17.76
2025-04-07 09:35:37,16.76
2025-04-07 09:48:44,16.76
2025-04-07 10:41:54,15.76
2025-04-07 10:55:12,15.76
2025-04-07 11:27:15,14.76
2025-04-07 11:40:35,14.76
2025-04-07 11:53:49,14.76
2025-04-07 13:36:15,14.76
2025-04-07 13:51:03,14.76
2025-04-07 14:41:08,13.76
2025-04-07 14:54:29,13.76
2025-04-07 15:37:28,12.76
2025-04-07 15:50:40,12.76
2025-04-07 16:44:52,12.76
2025-04-07 16:58:16,12.76
2025-04-07 17:34:57,11.76
2025-04-07 17:48:14,11.76
2025-04-07 18:42:31,10.76
2025-04-07 18:55:39,10.76
2025-04-07 19:24:38,9.56
2025-04-07 19:39:42,9.76
2025-04-07 19:52:48,9.76
2025-04-07 20:35:31,9.76
2025-04-07 20:48:49,9.76
2025-04-07 21:30:51,9.76
2025-04-07 21:44:20,9.76
2025-04-07 21:57:19,9.76
2025-04-07 22:37:43,9.76
2025-04-07 22:50:46,9.76
2025-04-07 23:31:14,10.76
2025-04-07 23:44:37,10.76
2025-04-07 23:58:01,10.76
2025-04-08 03:08:50,14.76
2025-04-08 03:51:59,15.76
2025-04-08 04:41:30,16.76
2025-04-08 04:55:06,16.76
2025-04-08 05:37:55,17.76
2025-04-08 05:51:32,17.76
2025-04-08 06:49:00,17.76
2025-04-08 07:29:46,17.76
2025-04-08 07:42:48,17.76
2025-04-08 07:55:46,17.76
2025-04-08 08:48:43,17.76
2025-04-08 09:35:18,15.76
2025-04-08 09:48:31,15.76
2025-04-08 10:41:55,13.76
2025-04-08 10:54:45,13.76
2025-04-08 11:27:59,12.76
2025-04-08 11:42:29,12.76
2025-04-08 11:55:42,12.76
2025-04-08 13:36:02,9.76
2025-04-08 13:50:59,9.76
2025-04-08 14:41:46,7.76
2025-04-08 14:54:52,7.76
2025-04-08 15:39:17,6.76
2025-04-08 15:52:28,6.76
2025-04-08 16:48:51,6.76
2025-04-08 17:33:26,5.76
2025-04-08 17:46:36,5.76
2025-04-08 17:59:36,5.76
2025-04-08 18:49:36,5.76
2025-04-08 19:24:37,5.76
2025-04-08 19:39:59,5.76
2025-04-08 19:53:24,5.76
2025-04-08 20:37:00,6.76
2025-04-08 20:50:06,6.76
2025-04-08 21:29:43,6.76
2025-04-08 21:42:46,6.76
2025-04-08 21:55:47,6.76
2025-04-08 22:37:44,7.76
2025-04-08 22:51:02,7.76
2025-04-08 23:29:16,10.76
2025-04-08 23:43:01,10.76
2025-04-08 23:55:59,10.76
2025-04-09 03:10:10,15.76
2025-04-09 03:52:37,16.76
2025-04-09 04:41:03,17.76
2025-04-09 04:55:20,17.76
2025-04-09 05:37:58,15.76
2025-04-09 05:51:26,15.76
2025-04-09 06:49:24,14.76
2025-04-09 07:30:03,12.76
2025-04-09 07:43:34,12.76
2025-04-09 07:56:24,12.76
2025-04-09 08:51:15,13.76
2025-04-09 09:38:13,13.76
2025-04-09 09:51:30,13.76
2025-04-09 10:47:58,11.76
2025-04-09 11:25:41,12.78
2025-04-09 11:40:15,10.76
2025-04-09 11:53:56,10.76
2025-04-09 13:37:39,9.76
2025-04-09 13:56:53,9.76
2025-04-09 14:46:32,10.76
2025-04-09 14:59:32,10.76
2025-04-09 15:42:37,9.76
2025-04-09 15:56:03,9.76
2025-04-09 16:51:59,9.76
2025-04-09 17:35:26,8.76
2025-04-09 17:48:43,8.76
2025-04-09 18:45:51,8.76
2025-04-09 18:59:02,8.76
2025-04-09 19:25:46,8.76
2025-04-09 19:40:03,8.76
2025-04-09 19:53:02,8.76
2025-04-09 20:37:19,7.76
2025-04-09 20:54:40,6.76
2025-04-09 21:27:36,5.76
2025-04-09 21:40:29,5.76
2025-04-09 21:53:28,5.76
2025-04-09 22:33:36,6.76
2025-04-09 22:46:47,6.76
2025-04-09 22:59:49,6.76
2025-04-09 23:30:15,9.76
2025-04-09 23:43:27,9.76
2025-04-09 23:56:45,9.76
2025-04-10 03:10:31,15.76
2025-04-10 03:53:01,15.76
2025-04-10 04:43:52,17.76
2025-04-10 04:57:02,17.76
2025-04-10 05:38:15,17.76
2025-04-10 05:51:26,17.76
2025-04-10 06:48:33,17.76
2025-04-10 07:31:10,16.76
2025-04-10 07:44:44,16.76
2025-04-10 07:57:50,16.76
2025-04-10 08:47:54,15.76
2025-04-10 09:33:06,13.76
2025-04-10 09:46:25,13.76
2025-04-10 09:59:34,13.76
2025-04-10 10:44:37,11.76
2025-04-10 10:57:52,11.76
2025-04-10 11:27:41,13.65
2025-04-10 11:40:58,10.76
2025-04-10 11:54:13,10.76
2025-04-10 13:35:28,8.76
2025-04-10 13:50:42,8.76
2025-04-10 14:39:35,7.76
2025-04-10 14:52:47,7.76
2025-04-10 15:37:16,7.76
2025-04-10 15:50:14,7.76
2025-04-10 16:47:51,6.76
2025-04-10 17:32:35,6.76
2025-04-10 17:45:56,6.76
2025-04-10 17:59:12,6.76
2025-04-10 18:46:28,6.76
2025-04-10 18:59:31,6.76
2025-04-10 19:23:13,6.76
2025-04-10 19:39:40,6.76
2025-04-10 19:52:44,6.76
2025-04-10 20:35:22,6.76
2025-04-10 20:48:44,6.76
2025-04-10 21:28:35,6.76
2025-04-10 21:41:41,6.76
2025-04-10 21:54:53,6.76
2025-04-10 22:38:29,6.76
2025-04-10 22:51:37,6.76
2025-04-10 23:31:31,10.76
2025-04-10 23:44:35,10.76
2025-04-10 23:57:31,10.76
2025-04-11 03:10:39,20.76
2025-04-11 03:52:26,20.76
2025-04-11 04:42:12,22.76
2025-04-11 04:55:19,22.76
2025-04-11 05:41:07,22.76
2025-04-11 05:54:24,22.76
2025-04-11 06:49:25,21.76
2025-04-11 07:29:23,21.76
2025-04-11 07:42:28,21.76
2025-04-11 07:55:39,21.76
2025-04-11 08:46:40,19.76
2025-04-11 08:59:37,19.76
2025-04-11 09:36:50,18.76
2025-04-11 09:50:05,18.76
2025-04-11 10:40:16,16.76
2025-04-11 10:53:24,16.76
2025-04-11 11:26:23,13.76
2025-04-11 11:40:23,13.76
2025-04-11 11:53:32,13.76
2025-04-11 13:34:25,11.76
2025-04-11 13:50:09,11.76
2025-04-11 14:39:13,10.76
2025-04-11 14:52:19,10.76
2025-04-11 15:35:11,9.76
2025-04-11 15:48:23,9.76
2025-04-11 16:44:47,9.76
2025-04-11 16:58:01,9.76
2025-04-11 17:31:38,9.76
2025-04-11 17:44:55,9.76
2025-04-11 17:57:48,9.76
2025-04-11 18:48:11,9.76
2025-04-11 19:23:26,10.76
2025-04-11 19:39:48,10.76
2025-04-11 19:52:58,10.76
2025-04-11 20:34:19,9.76
2025-04-11 20:47:51,9.76
2025-04-11 21:28:13,9.76
2025-04-11 21:41:08,9.76
2025-04-11 21:54:22,9.76
2025-04-11 22:39:04,10.76
2025-04-11 22:52:31,10.76
2025-04-11 23:29:37,15.76
2025-04-11 23:43:10,15.76
2025-04-11 23:56:04,15.76
2025-04-12 03:07:43,21.76
2025-04-12 03:49:52,21.76
2025-04-12 04:39:35,19.76
2025-04-12 04:53:06,15.76
2025-04-12 05:32:47,16.76
2025-04-12 05:45:56,16.76
2025-04-12 05:58:52,16.76
2025-04-12 06:46:19,16.76
2025-04-12 06:59:10,16.76
2025-04-12 07:28:00,15.76
2025-04-12 07:41:05,15.76
2025-04-12 07:54:28,15.76
2025-04-12 08:38:55,11.76
2025-04-12 08:51:49,11.76
2025-04-12 09:31:17,8.76
2025-04-12 09:44:11,8.76
2025-04-12 09:57:07,8.76
2025-04-12 10:36:38,6.76
2025-04-12 10:49:42,6.76
2025-04-12 11:21:58,6.41
2025-04-12 11:38:31,4.76
2025-04-12 11:51:39,4.76
2025-04-12 13:02:29,4.76
2025-04-12 13:34:32,1.76
2025-04-12 13:48:08,1.76
2025-04-12 14:31:21,0.76
2025-04-12 14:44:42,0.76
2025-04-12 14:57:46,0.76
2025-04-12 15:30:22,0.76
2025-04-12 15:44:00,0.76
2025-04-12 15:57:05,0.76
2025-04-12 16:40:38,0.76
2025-04-12 16:53:48,0.76
2025-04-12 17:32:25,1.76
2025-04-12 17:45:29,1.76
2025-04-12 17:58:27,1.76
2025-04-12 18:43:08,2.76
2025-04-12 18:56:08,2.76
2025-04-12 19:23:25,3.76
2025-04-12 19:39:08,3.76
2025-04-12 19:52:32,3.76
2025-04-12 20:30:46,4.76
2025-04-12 20:43:47,4.76
2025-04-12 20:56:53,4.76
2025-04-12 21:27:35,4.76
2025-04-12 21:40:53,4.76
2025-04-12 21:53:56,4.76
2025-04-12 22:34:00,6.76
2025-04-12 22:47:07,6.76
2025-04-12 23:00:14,6.76
2025-04-13 04:35:15,6.76
2025-04-13 05:39:16,3.76
2025-04-13 05:52:40,3.76
2025-04-13 06:45:34,6.76
2025-04-13 06:58:52,6.76
2025-04-13 07:28:56,6.76
2025-04-13 07:42:01,6.76
2025-04-13 07:55:02,6.76
2025-04-13 08:39:50,6.76
2025-04-13 08:52:54,6.76
2025-04-13 09:32:52,6.76
2025-04-13 09:45:50,6.76
2025-04-13 09:59:00,6.76
2025-04-13 10:40:10,5.76
2025-04-13 10:53:14,5.76
2025-04-13 11:23:55,5.76
2025-04-13 11:39:27,5.76
2025-04-13 11:52:25,5.76
2025-04-13 13:03:55,5.76
2025-04-13 13:44:10,6.22
2025-04-13 13:57:11,5.76
2025-04-13 14:33:21,5.76
2025-04-13 14:46:39,5.76
2025-04-13 15:00:02,5.76
2025-04-13 15:33:50,5.76
2025-04-13 15:46:56,5.76
2025-04-13 16:00:05,5.76
2025-04-13 16:45:36,4.76
2025-04-13 16:58:36,4.76
2025-04-13 17:31:35,4.76
2025-04-13 17:44:34,1.76
2025-04-13 17:57:39,1.76
2025-04-13 18:43:16,0.76
2025-04-13 18:56:39,0.76
2025-04-13 19:22:25,2.76
2025-04-13 19:38:12,2.76
2025-04-13 19:51:28,2.76
2025-04-13 20:31:15,2.76
2025-04-13 20:44:43,2.76
2025-04-13 20:57:51,2.76
2025-04-13 21:29:02,3.76
2025-04-13 21:42:09,3.76
2025-04-13 21:55:20,3.76
2025-04-13 22:35:27,3.76
2025-04-13 22:48:52,3.76
2025-04-13 23:31:15,4.76
2025-04-13 23:46:00,4.76
2025-04-13 23:59:16,4.76
2025-04-14 03:15:42,5.76
2025-04-14 03:56:55,6.76
2025-04-14 04:43:11,5.76
2025-04-14 04:56:19,5.76
2025-04-14 05:39:28,6.76
2025-04-14 05:52:55,6.76
2025-04-14 06:50:58,5.76
2025-04-14 07:31:25,5.76
2025-04-14 07:44:47,5.76
2025-04-14 07:57:51,5.76
2025-04-14 08:49:21,5.76
2025-04-14 09:38:04,5.76
2025-04-14 09:51:36,5.76
2025-04-14 10:43:35,5.76
2025-04-14 10:56:55,5.76
2025-04-14 11:27:38,5.76
2025-04-14 11:40:53,5.76
2025-04-14 11:54:02,5.76
2025-04-14 13:36:34,4.76
2025-04-14 13:52:08,4.76
2025-04-14 14:42:18,3.76
2025-04-14 14:55:38,3.76
2025-04-14 15:35:07,3.76
2025-04-14 15:48:33,3.76
2025-04-14 16:47:33,2.76
2025-04-14 17:32:45,1.76
2025-04-14 17:46:10,1.76
2025-04-14 17:59:05,1.76
2025-04-14 18:49:43,0.76
2025-04-14 19:24:32,-0.24
2025-04-14 19:40:07,-0.24
2025-04-14 20:37:36,-1.24
2025-04-14 20:51:06,-1.24
2025-04-14 21:29:53,0.76
2025-04-14 21:43:18,0.76
2025-04-14 21:56:14,0.76
2025-04-14 22:38:06,1.76
2025-04-14 22:51:39,1.76
2025-04-14 23:29:31,5.76
2025-04-14 23:43:41,5.76
2025-04-14 23:56:44,5.76
2025-04-15 03:14:34,11.76
2025-04-15 03:54:49,12.76
2025-04-15 04:42:40,12.76
2025-04-15 04:56:07,12.76
2025-04-15 05:38:31,13.76
2025-04-15 05:51:35,13.76
2025-04-15 06:49:16,12.76
2025-04-15 07:34:07,12.76
2025-04-15 07:47:19,12.76
2025-04-15 08:47:32,11.76
2025-04-15 09:35:36,9.76
2025-04-15 09:49:04,9.76
2025-04-15 10:42:16,8.76
2025-04-15 10:55:26,8.76
2025-04-15 11:27:51,7.76
2025-04-15 11:43:03,7.76
2025-04-15 11:56:02,7.76
2025-04-15 13:36:56,6.76
2025-04-15 13:52:40,6.76
2025-04-15 14:41:46,6.76
2025-04-15 14:55:10,6.76
2025-04-15 15:37:56,6.76
2025-04-15 15:51:23,6.76
2025-04-15 16:44:40,5.76
2025-04-15 16:57:39,5.76
2025-04-15 17:36:31,3.76
2025-04-15 17:49:49,3.76
2025-04-15 18:45:28,5.76
2025-04-15 18:58:24,5.76
2025-04-15 19:25:33,4.76
2025-04-15 19:39:52,4.76
2025-04-15 19:53:33,4.76
2025-04-15 20:37:00,5.76
2025-04-15 20:49:58,5.76
2025-04-15 21:29:44,5.76
2025-04-15 21:42:55,5.76
2025-04-15 21:56:06,5.76
2025-04-15 22:38:29,6.76
2025-04-15 22:51:43,6.76
2025-04-15 23:29:49,9.76
2025-04-15 23:43:05,9.76
2025-04-15 23:56:31,9.76
2025-04-16 03:13:26,17.76
2025-04-16 03:54:36,17.76
2025-04-16 04:42:26,19.76
2025-04-16 04:55:33,19.76
2025-04-16 05:38:42,21.76
2025-04-16 05:51:50,21.76
2025-04-16 06:49:23,20.76
2025-04-16 07:30:24,21.76
2025-04-16 07:43:53,21.76
2025-04-16 07:57:10,21.76
2025-04-16 08:50:24,20.76
2025-04-16 09:38:07,19.76
2025-04-16 09:51:11,19.76
2025-04-16 10:43:13,18.76
2025-04-16 10:56:14,18.76
2025-04-16 11:27:58,17.76
2025-04-16 11:41:50,17.76
2025-04-16 11:54:52,17.76
2025-04-16 13:35:51,15.76
2025-04-16 13:51:02,15.76
2025-04-16 14:38:58,15.76
2025-04-16 14:52:20,15.76
2025-04-16 15:38:50,14.76
2025-04-16 15:52:06,14.76
2025-04-16 16:50:26,15.76
2025-04-16 17:33:05,15.76
2025-04-16 17:46:10,15.76
2025-04-16 17:59:07,15.76
2025-04-16 18:49:40,13.76
2025-04-16 19:21:34,13.81
2025-04-16 19:39:11,13.76
2025-04-16 19:52:14,13.76
2025-04-16 20:37:30,14.76
2025-04-16 20:50:52,14.76
2025-04-16 21:30:58,12.76
2025-04-16 21:44:02,12.76
2025-04-16 21:57:02,12.76
2025-04-16 22:39:30,15.76
2025-04-16 22:52:46,15.76
2025-04-16 23:29:30,17.76
2025-04-16 23:44:44,17.76
2025-04-16 23:57:57,17.76
2025-04-17 03:12:39,22.79
2025-04-17 03:54:14,22.76
2025-04-17 04:43:13,22.76
2025-04-17 04:56:34,22.76
2025-04-17 05:38:43,22.76
2025-04-17 05:51:46,22.76
2025-04-17 06:48:37,23.76
2025-04-17 07:31:34,21.76
2025-04-17 07:46:06,21.76
2025-04-17 07:59:04,21.76
2025-04-17 08:48:42,19.76
2025-04-17 09:33:59,18.76
2025-04-17 09:46:56,18.76
2025-04-17 10:00:16,18.76
2025-04-17 10:43:50,17.76
2025-04-17 10:57:10,17.76
2025-04-17 11:27:52,18.76
2025-04-17 11:42:13,18.76
2025-04-17 11:55:11,18.76
2025-04-17 13:34:42,16.76
2025-04-17 13:49:40,16.76
2025-04-17 14:38:42,15.76
2025-04-17 14:51:52,15.76
2025-04-17 15:35:37,14.76
2025-04-17 15:49:00,14.76
2025-04-17 16:47:36,16.76
2025-04-17 17:33:39,16.76
2025-04-17 17:46:56,16.76
2025-04-17 18:00:20,16.76
2025-04-17 18:48:50,15.76
2025-04-17 19:23:09,15.76
2025-04-17 19:40:08,15.76
2025-04-17 19:53:31,15.76
2025-04-17 20:35:03,14.76
2025-04-17 20:48:39,14.76
2025-04-17 21:28:45,14.76
2025-04-17 21:43:07,14.76
2025-04-17 21:56:07,14.76
2025-04-17 22:37:15,15.76
2025-04-17 22:50:33,15.76
2025-04-17 23:29:40,13.76
2025-04-17 23:43:08,13.76
2025-04-17 23:56:13,13.76
2025-04-18 03:09:33,16.76
2025-04-18 03:52:18,18.76
2025-04-18 04:42:20,20.76
2025-04-18 04:55:43,20.76
2025-04-18 05:38:14,21.76
2025-04-18 05:51:26,21.76
2025-04-18 06:48:19,22.76
2025-04-18 07:30:57,22.76
2025-04-18 07:44:00,22.76
2025-04-18 07:56:52,22.76
2025-04-18 08:45:49,21.76
2025-04-18 08:58:58,21.76
2025-04-18 09:37:10,20.76
2025-04-18 09:50:11,20.76
2025-04-18 10:41:10,16.76
2025-04-18 10:54:08,16.76
2025-04-18 11:25:38,14.76
2025-04-18 11:42:17,14.76
2025-04-18 11:55:23,14.76
2025-04-18 13:16:23,13.76
2025-04-18 13:43:04,13.76
2025-04-18 13:56:12,13.76
2025-04-18 14:37:09,12.76
2025-04-18 14:50:35,12.76
2025-04-18 15:32:31,14.76
2025-04-18 15:45:52,14.76
2025-04-18 15:58:52,14.76
2025-04-18 16:44:22,14.76
2025-04-18 16:57:33,14.76
2025-04-18 17:33:56,15.76
2025-04-18 17:47:08,15.76
2025-04-18 18:00:10,15.76
2025-04-18 18:47:12,15.76
2025-04-18 19:00:14,15.76
2025-04-18 19:25:15,14.76
2025-04-18 19:39:50,14.76
2025-04-18 19:52:45,14.76
2025-04-18 20:32:36,14.76
2025-04-18 20:46:08,14.76
2025-04-18 20:58:59,14.76
2025-04-18 21:31:11,14.76
2025-04-18 21:44:12,14.76
2025-04-18 21:57:07,14.76
2025-04-18 22:38:53,15.76
2025-04-18 22:52:02,15.76
2025-04-18 23:30:36,16.76
2025-04-18 23:43:43,16.76
2025-04-18 23:56:48,16.76
2025-04-19 03:05:16,18.76
2025-04-19 03:49:06,17.76
2025-04-19 04:38:46,18.76
2025-04-19 04:51:56,18.76
2025-04-19 05:37:11,12.76
2025-04-19 05:50:27,12.76
2025-04-19 06:43:51,14.76
2025-04-19 06:56:46,14.76
2025-04-19 07:26:51,13.76
2025-04-19 07:39:58,13.76
2025-04-19 07:53:31,13.76
2025-04-19 08:38:25,11.76
2025-04-19 08:51:37,11.76
2025-04-19 09:29:57,10.76
2025-04-19 09:42:56,10.76
2025-04-19 09:56:14,10.76
2025-04-19 10:37:32,10.76
2025-04-19 10:50:30,10.76
2025-04-19 11:24:01,10.76
2025-04-19 11:39:12,10.76
2025-04-19 11:52:42,10.76
2025-04-19 13:02:43,11.76
2025-04-19 13:37:45,11.76
2025-04-19 13:50:40,11.76
2025-04-19 14:32:44,11.76
2025-04-19 14:46:03,11.76
2025-04-19 14:59:08,11.76
2025-04-19 15:31:23,9.76
2025-04-19 15:44:29,9.76
2025-04-19 15:57:22,9.76
2025-04-19 16:42:54,9.76
2025-04-19 16:55:51,9.76
2025-04-19 17:31:58,8.76
2025-04-19 17:45:28,8.76
2025-04-19 17:58:33,8.76
2025-04-19 18:42:30,9.76
2025-04-19 18:55:49,9.76
2025-04-19 19:23:54,9.76
2025-04-19 19:38:45,9.76
2025-04-19 19:51:55,9.76
2025-04-19 20:32:25,8.76
2025-04-19 20:45:31,8.76
2025-04-19 20:58:39,8.76
2025-04-19 21:29:54,8.76
2025-04-19 21:42:56,8.76
2025-04-19 21:56:15,8.76
2025-04-19 22:35:23,8.76
2025-04-19 22:48:52,8.76
2025-04-19 23:30:18,9.76
2025-04-19 23:43:29,9.76
2025-04-19 23:56:31,9.76
2025-04-20 03:15:32,18.76
2025-04-20 03:55:55,18.76
2025-04-20 04:39:39,20.76
2025-04-20 04:52:56,20.76
2025-04-20 05:37:06,21.76
2025-04-20 05:50:01,21.76
2025-04-20 06:44:17,22.76
2025-04-20 06:57:30,22.76
2025-04-20 07:30:00,22.76
2025-04-20 07:43:13,22.76
2025-04-20 07:56:17,22.76
2025-04-20 08:38:10,22.76
2025-04-20 08:51:20,22.76
2025-04-20 09:29:29,19.76
2025-04-20 09:42:58,19.76
2025-04-20 09:56:08,19.76
2025-04-20 10:40:44,17.76
2025-04-20 10:53:52,17.76
2025-04-20 11:24:37,16.76
2025-04-20 11:40:27,16.76
2025-04-20 11:53:37,16.76
2025-04-20 13:14:51,13.76
2025-04-20 13:42:42,13.76
2025-04-20 13:56:04,13.76
2025-04-20 14:35:27,12.76
2025-04-20 14:48:35,12.76
2025-04-20 15:30:00,12.76
2025-04-20 15:44:08,12.76
2025-04-20 15:57:03,12.76
2025-04-20 16:42:08,11.76
2025-04-20 16:55:05,11.76
2025-04-20 17:32:23,11.76
2025-04-20 17:45:31,11.76
2025-04-20 17:58:40,11.76
2025-04-20 18:46:23,10.76
2025-04-20 18:59:35,10.76
2025-04-20 19:24:35,11.76
2025-04-20 19:39:23,11.76
2025-04-20 19:52:33,11.76
2025-04-20 20:32:00,10.76
2025-04-20 20:45:15,10.76
2025-04-20 20:58:14,10.76
2025-04-20 21:28:38,10.76
2025-04-20 21:42:12,10.76
2025-04-20 21:55:21,10.76
2025-04-20 22:37:39,13.76
2025-04-20 22:51:12,13.76
2025-04-20 23:28:03,17.76
2025-04-20 23:41:45,17.76
2025-04-20 23:54:48,17.76
2025-04-21 03:28:59,22.76
2025-04-21 04:00:15,22.76
2025-04-21 04:47:02,24.76
2025-04-21 05:00:09,24.76
2025-04-21 05:44:20,25.76
2025-04-21 05:57:19,25.76
2025-04-21 06:51:57,24.76
2025-04-21 07:30:45,25.76
2025-04-21 07:43:55,25.76
2025-04-21 07:57:14,25.76
2025-04-21 08:48:47,24.76
2025-04-21 09:33:21,22.76
2025-04-21 09:46:45,22.76
2025-04-21 09:59:45,22.76
2025-04-21 10:47:00,21.76
2025-04-21 10:59:52,21.76
2025-04-21 11:28:01,20.76
2025-04-21 11:41:29,20.76
2025-04-21 11:54:39,20.76
2025-04-21 13:33:38,17.76
2025-04-21 13:48:16,17.76
2025-04-21 14:37:51,17.76
2025-04-21 14:50:51,17.76
2025-04-21 15:35:05,17.76
2025-04-21 15:48:48,17.76
2025-04-21 16:46:22,17.76
2025-04-21 16:59:24,17.76
2025-04-21 17:37:58,17.76
2025-04-21 17:51:01,17.76
2025-04-21 18:48:21,17.76
2025-04-21 19:25:04,17.76
2025-04-21 19:39:29,17.76
2025-04-21 19:52:25,17.76
2025-04-21 20:34:24,16.76
2025-04-21 20:47:25,16.76
2025-04-21 21:28:47,16.76
2025-04-21 21:43:49,16.76
2025-04-21 21:57:14,16.76
2025-04-21 22:38:28,16.76
2025-04-21 22:51:45,16.76
2025-04-21 23:29:52,17.76
2025-04-21 23:44:16,17.76
2025-04-21 23:57:17,17.76
2025-04-22 03:12:29,17.76
2025-04-22 03:55:47,15.76
2025-04-22 04:45:20,15.76
2025-04-22 04:58:10,15.76
2025-04-22 05:39:37,15.76
2025-04-22 05:52:40,15.76
2025-04-22 06:49:22,16.76
2025-04-22 07:31:25,16.76
2025-04-22 07:44:42,16.76
2025-04-22 07:57:54,16.76
2025-04-22 08:49:04,16.76
2025-04-22 09:33:52,16.76
2025-04-22 09:47:21,16.76
2025-04-22 10:40:56,16.76
2025-04-22 10:54:18,16.76
2025-04-22 11:29:17,16.76
2025-04-22 11:42:44,16.76
2025-04-22 11:55:55,16.76
2025-04-22 13:35:53,14.76
2025-04-22 13:51:57,14.76
2025-04-22 14:41:06,14.76
2025-04-22 14:54:03,14.76
2025-04-22 15:37:31,13.76
2025-04-22 15:50:50,13.76
2025-04-22 16:46:51,12.76
2025-04-22 17:00:00,12.76
2025-04-22 17:38:13,10.76
2025-04-22 17:51:14,10.76
2025-04-22 18:48:18,9.76
2025-04-22 19:24:52,13.82
2025-04-22 19:40:50,9.76
2025-04-22 19:53:53,9.76
2025-04-22 20:37:50,9.76
2025-04-22 20:50:57,9.76
2025-04-22 21:30:39,9.76
2025-04-22 21:43:45,9.76
2025-04-22 21:57:04,9.76
2025-04-22 22:39:13,11.76
2025-04-22 22:52:07,11.76
2025-04-22 23:29:35,13.76
2025-04-22 23:44:32,13.76
2025-04-22 23:57:33,13.76
2025-04-23 03:13:29,18.76
2025-04-23 03:53:57,19.76
2025-04-23 04:47:14,21.76
2025-04-23 05:00:21,21.76
2025-04-23 05:39:50,20.76
2025-04-23 05:53:21,20.76
2025-04-23 06:49:33,20.76
2025-04-23 07:34:58,21.76
2025-04-23 07:48:16,21.76
2025-04-23 08:48:03,20.76
2025-04-23 09:35:02,19.76
2025-04-23 09:48:25,19.76
2025-04-23 10:43:15,16.76
2025-04-23 10:56:17,16.76
2025-04-23 11:28:39,14.76
2025-04-23 11:41:56,14.76
2025-04-23 11:55:08,14.76
2025-04-23 13:36:36,11.76
2025-04-23 13:52:05,11.76
2025-04-23 14:42:57,11.76
2025-04-23 14:56:00,11.76
2025-04-23 15:39:42,11.76
2025-04-23 15:52:48,11.76
2025-04-23 16:51:29,10.76
2025-04-23 17:37:10,9.76
2025-04-23 17:50:18,9.76
2025-04-23 18:51:30,9.76
2025-04-23 19:25:13,9.76
2025-04-23 19:40:46,9.76
2025-04-23 19:53:52,9.76
2025-04-23 20:37:24,9.76
2025-04-23 20:50:26,9.76
2025-04-23 21:31:14,8.76
2025-04-23 21:44:46,8.76
2025-04-23 21:58:00,8.76
2025-04-23 22:40:13,10.76
2025-04-23 22:53:25,10.76
2025-04-23 23:30:39,12.76
2025-04-23 23:44:09,12.76
2025-04-23 23:57:30,12.76
2025-04-24 03:15:22,17.76
2025-04-24 03:55:30,17.76
2025-04-24 04:43:06,17.76
2025-04-24 04:56:12,17.76
2025-04-24 05:39:55,17.76
2025-04-24 05:52:55,17.76
2025-04-24 06:50:30,18.76
2025-04-24 07:31:37,17.76
2025-04-24 07:44:48,17.76
2025-04-24 07:58:06,17.76
2025-04-24 08:49:45,16.76
2025-04-24 09:36:57,15.76
2025-04-24 09:49:53,15.76
2025-04-24 10:42:36,13.76
2025-04-24 10:55:56,13.76
2025-04-24 11:28:33,12.76
2025-04-24 11:42:08,12.76
2025-04-24 11:55:32,12.76
2025-04-24 13:37:26,10.76
2025-04-24 13:52:56,10.76
2025-04-24 14:41:09,9.76
2025-04-24 14:54:13,9.76
2025-04-24 15:39:41,9.76
2025-04-24 15:53:15,9.76
2025-04-24 16:49:41,8.76
2025-04-24 17:31:26,7.76
2025-04-24 17:44:42,7.76
2025-04-24 17:57:42,7.76
2025-04-24 18:49:21,8.76
2025-04-24 19:25:19,7.76
2025-04-24 19:41:13,7.76
2025-04-24 19:54:18,7.76
2025-04-24 20:37:18,6.76
2025-04-24 20:51:38,6.76
2025-04-24 21:32:06,7.76
2025-04-24 21:45:20,7.76
2025-04-24 21:58:36,7.76
2025-04-24 22:41:00,9.76
2025-04-24 22:54:24,9.76
2025-04-24 23:30:19,11.76
2025-04-24 23:45:23,11.76
2025-04-24 23:58:19,11.76
2025-04-25 03:14:53,15.76
2025-04-25 03:54:36,16.76
2025-04-25 04:43:49,16.76
2025-04-25 04:56:54,16.76
2025-04-25 05:38:48,16.76
2025-04-25 05:51:52,16.76
2025-04-25 06:49:50,16.76
2025-04-25 07:30:03,16.76
2025-04-25 07:43:02,16.76
2025-04-25 07:56:14,16.76
2025-04-25 08:48:08,15.76
2025-04-25 09:33:06,14.76
2025-04-25 09:46:11,14.76
2025-04-25 09:59:16,14.76
2025-04-25 10:43:00,12.76
2025-04-25 10:56:24,12.76
2025-04-25 11:28:17,11.76
2025-04-25 11:41:26,11.76
2025-04-25 11:54:27,11.76
2025-04-25 13:34:19,10.76
2025-04-25 13:49:49,10.76
2025-04-25 14:38:43,7.76
2025-04-25 14:51:58,7.76
2025-04-25 15:34:51,8.76
2025-04-25 15:48:08,8.76
2025-04-25 16:44:57,7.76
2025-04-25 16:59:13,7.76
2025-04-25 17:35:20,5.76
2025-04-25 17:48:49,5.76
2025-04-25 18:46:34,6.76
2025-04-25 18:59:45,6.76
2025-04-25 19:25:47,5.76
2025-04-25 19:39:48,5.76
2025-04-25 19:53:22,5.76
2025-04-25 20:36:34,4.76
2025-04-25 20:52:16,4.76
2025-04-25 21:31:17,5.76
2025-04-25 21:44:38,5.76
2025-04-25 21:57:40,5.76
2025-04-25 22:40:39,8.76
2025-04-25 22:53:35,8.76
2025-04-25 23:29:42,11.76
2025-04-25 23:42:56,11.76
2025-04-25 23:55:51,11.76
2025-04-26 03:08:54,17.76
2025-04-26 03:52:34,17.76
2025-04-26 04:40:44,17.76
2025-04-26 04:54:09,17.76
2025-04-26 05:37:46,17.76
2025-04-26 05:50:47,17.76
2025-04-26 06:42:57,16.76
2025-04-26 06:55:57,16.76
2025-04-26 07:27:26,16.76
2025-04-26 07:40:26,16.76
2025-04-26 07:53:38,16.76
2025-04-26 08:39:19,16.76
2025-04-26 08:52:37,16.76
2025-04-26 09:30:14,14.76
2025-04-26 09:43:20,14.76
2025-04-26 09:56:20,14.76
2025-04-26 10:37:50,13.76
2025-04-26 10:51:20,13.76
2025-04-26 11:23:30,13.76
2025-04-26 11:39:59,13.76
2025-04-26 11:53:11,13.76
2025-04-26 13:04:12,13.76
2025-04-26 13:39:25,12.76
2025-04-26 13:52:44,12.76
2025-04-26 14:32:37,11.76
2025-04-26 14:45:43,11.76
2025-04-26 14:58:57,11.76
2025-04-26 15:31:31,8.76
2025-04-26 15:44:41,8.76
2025-04-26 15:57:58,8.76
2025-04-26 16:41:46,7.76
2025-04-26 16:54:46,7.76
2025-04-26 17:29:31,8.76
2025-04-26 17:42:36,8.76
2025-04-26 17:55:57,8.76
2025-04-26 18:42:18,7.76
2025-04-26 18:55:12,7.76
2025-04-26 19:25:06,7.76
2025-04-26 19:39:18,7.76
2025-04-26 19:52:21,7.76
2025-04-26 20:31:26,8.76
2025-04-26 20:44:51,8.76
2025-04-26 20:58:00,8.76
2025-04-26 21:28:38,8.76
2025-04-26 21:41:47,8.76
2025-04-26 21:54:45,8.76
2025-04-26 22:34:59,11.76
2025-04-26 22:48:06,11.76
2025-04-26 23:28:41,14.76
2025-04-26 23:41:58,14.76
2025-04-26 23:55:18,14.76
2025-04-27 03:15:38,20.63
2025-04-27 03:55:51,17.76
2025-04-27 04:40:06,17.76
2025-04-27 04:53:18,17.76
2025-04-27 05:36:13,18.76
2025-04-27 05:49:30,18.76
2025-04-27 06:43:34,17.76
2025-04-27 06:56:45,17.76
2025-04-27 07:27:32,16.76
2025-04-27 07:40:46,16.76
2025-04-27 07:54:06,16.76
2025-04-27 08:39:14,15.76
2025-04-27 08:52:50,15.76
2025-04-27 09:30:25,15.76
2025-04-27 09:43:21,15.76
2025-04-27 09:56:20,15.76
2025-04-27 10:38:18,14.76
2025-04-27 10:51:38,14.76
2025-04-27 11:24:33,13.76
2025-04-27 11:39:42,13.76
2025-04-27 11:53:02,13.76
2025-04-27 13:04:52,11.76
2025-04-27 13:37:17,10.76
2025-04-27 13:50:27,10.76
2025-04-27 14:31:59,11.76
2025-04-27 14:45:09,11.76
2025-04-27 14:58:06,11.76
2025-04-27 15:31:49,10.76
2025-04-27 15:44:50,10.76
2025-04-27 15:57:49,10.76
2025-04-27 16:44:01,9.76
2025-04-27 16:56:54,9.76
2025-04-27 17:31:51,10.76
2025-04-27 17:44:48,10.76
2025-04-27 17:57:55,10.76
2025-04-27 18:44:20,10.76
2025-04-27 18:57:14,10.76
2025-04-27 19:24:37,11.68
2025-04-27 19:39:21,10.76
2025-04-27 19:52:31,10.76
2025-04-27 20:32:28,7.76
2025-04-27 20:45:39,7.76
2025-04-27 20:58:51,7.76
2025-04-27 21:28:56,7.76
2025-04-27 21:42:16,7.76
2025-04-27 21:55:27,7.76
2025-04-27 22:36:01,10.76
2025-04-27 22:48:58,10.76
2025-04-27 23:31:45,12.76
2025-04-27 23:45:09,12.76
2025-04-27 23:58:16,12.76
2025-04-28 03:29:33,18.76
2025-04-28 04:00:00,18.76
2025-04-28 04:47:20,18.76
2025-04-28 05:56:37,19.76
2025-04-28 07:03:43,19.76
2025-04-28 11:15:31,14.76
2025-04-28 11:47:10,14.76
2025-04-28 12:00:06,14.76
2025-04-28 13:50:44,11.76
2025-04-28 14:48:02,11.76
2025-04-28 15:37:26,9.76
2025-04-28 15:50:48,9.76
2025-04-28 16:45:22,10.76
2025-04-28 16:58:20,10.76
2025-04-28 17:35:31,7.76
2025-04-28 17:48:41,7.76
2025-04-28 18:48:01,6.76
2025-04-28 19:24:17,7.76
2025-04-28 19:39:47,7.76
2025-04-28 19:53:08,7.76
2025-04-28 20:32:15,5.76
2025-04-28 20:45:42,5.76
2025-04-28 20:58:42,5.76
2025-04-28 21:30:34,6.76
2025-04-28 21:43:35,6.76
2025-04-28 21:56:47,6.76
2025-04-28 22:39:08,8.76
2025-04-28 22:52:11,8.76
2025-04-28 23:30:21,12.76
2025-04-28 23:43:44,12.76
2025-04-28 23:56:53,12.76
2025-04-29 03:14:57,19.2
2025-04-29 03:55:30,18.76
2025-04-29 04:41:27,19.76
2025-04-29 04:54:34,19.76
2025-04-29 05:38:52,19.76
2025-04-29 05:52:13,19.76
2025-04-29 06:50:21,19.76
2025-04-29 07:31:58,19.76
2025-04-29 07:44:58,19.76
2025-04-29 07:58:00,19.76
2025-04-29 08:52:16,18.76
2025-04-29 09:38:46,16.76
2025-04-29 09:51:44,16.76
2025-04-29 10:45:40,14.76
2025-04-29 10:58:35,14.76
2025-04-29 11:29:25,13.76
2025-04-29 11:43:12,13.76
2025-04-29 11:56:39,13.76
2025-04-29 13:45:00,9.76
2025-04-29 13:58:10,9.76
2025-04-29 14:44:16,10.76
2025-04-29 14:57:23,10.76
2025-04-29 15:39:16,11.76
2025-04-29 15:52:39,11.76
2025-04-29 16:47:36,8.76
2025-04-29 17:33:51,9.76
2025-04-29 17:47:04,9.76
2025-04-29 18:00:10,9.76
2025-04-29 18:48:37,10.76
2025-04-29 19:25:11,8.76
2025-04-29 19:39:56,8.76
2025-04-29 19:53:03,8.76
2025-04-29 20:37:22,8.76
2025-04-29 20:53:39,8.76
2025-04-29 21:30:38,7.76
2025-04-29 21:43:31,7.76
2025-04-29 21:56:36,7.76
2025-04-29 22:39:14,12.76
2025-04-29 22:52:27,12.76
2025-04-29 23:29:58,15.76
2025-04-29 23:43:44,15.76
2025-04-29 23:56:39,15.76
2025-04-30 03:14:50,23.11
2025-04-30 03:55:25,22.76
2025-04-30 04:46:14,24.76
2025-04-30 04:59:18,24.76
2025-04-30 05:40:08,24.76
2025-04-30 05:53:32,24.76
2025-04-30 06:53:11,24.76
2025-04-30 07:20:00,24.76
2025-04-30 07:36:34,24.76
2025-04-30 07:49:46,24.76
2025-04-30 08:17:45,23.76
2025-04-30 08:43:22,23.76
2025-04-30 08:57:09,23.76
2025-04-30 09:28:26,22.76
2025-04-30 09:44:40,22.76
2025-04-30 09:58:00,22.76
2025-04-30 10:30:26,20.76
2025-04-30 10:48:12,20.76
2025-04-30 11:08:23,20.76
2025-04-30 11:26:49,19.58
2025-04-30 11:40:41,19.76
2025-04-30 11:53:58,19.76
2025-04-30 12:44:24,17.76
2025-04-30 13:18:22,18.51
2025-04-30 13:42:18,17.76
2025-04-30 13:55:32,17.76
2025-04-30 14:25:27,16.76
2025-04-30 14:45:19,16.76
2025-04-30 14:58:41,16.76
2025-04-30 15:29:08,16.76
2025-04-30 15:45:29,16.76
2025-04-30 15:58:34,16.76
2025-04-30 16:34:10,14.76
2025-04-30 16:53:20,14.76
2025-04-30 17:18:14,12.76
2025-04-30 17:37:13,12.76
2025-04-30 17:50:31,12.76
2025-04-30 18:20:12,11.76
2025-04-30 18:46:03,11.76
2025-04-30 18:59:04,11.76
2025-04-30 19:20:43,15.76
2025-04-30 19:35:56,15.76
2025-04-30 19:49:12,15.76
2025-04-30 20:13:00,14.76
2025-04-30 20:34:34,14.76
2025-04-30 20:48:24,14.76
2025-04-30 21:08:56,14.76
2025-04-30 21:30:18,13.76
2025-04-30 21:43:51,13.76
2025-04-30 21:57:04,13.76
2025-04-30 22:26:37,16.76
2025-04-30 22:43:59,16.76
2025-04-30 22:57:02,16.76
2025-04-30 23:24:49,16.76
2025-04-30 23:41:29,16.76
2025-04-30 23:54:38,16.76
2025-05-01 02:06:03,12.76
2025-05-01 03:20:34,12.76
2025-05-01 03:57:04,13.76
2025-05-01 04:32:31,13.76
2025-05-01 04:50:52,13.76
2025-05-01 05:15:54,14.76
2025-05-01 05:38:29,14.76
2025-05-01 05:51:39,14.76
2025-05-01 06:25:28,13.76
2025-05-01 06:50:13,13.76
2025-05-01 07:14:13,13.76
2025-05-01 07:31:53,13.76
2025-05-01 07:45:06,13.76
2025-05-01 07:58:04,13.76
2025-05-01 08:33:21,13.76
2025-05-01 08:52:23,13.76
2025-05-01 09:19:53,13.76
2025-05-01 09:38:04,13.76
2025-05-01 09:51:13,13.76
2025-05-01 10:17:58,12.76
2025-05-01 10:41:22,12.76
2025-05-01 10:54:42,12.76
2025-05-01 11:19:33,12.76
2025-05-01 11:34:18,12.76
2025-05-01 11:47:47,12.76
2025-05-01 12:15:57,11.76
2025-05-01 12:58:23,11.76
2025-05-01 13:33:25,11.76
2025-05-01 13:48:18,11.76
2025-05-01 14:09:18,11.76
2025-05-01 14:33:31,11.76
2025-05-01 14:46:48,11.76
2025-05-01 15:00:01,11.76
2025-05-01 15:28:21,10.91
2025-05-01 15:45:08,9.76
2025-05-01 15:58:08,9.76
2025-05-01 16:33:14,9.76
2025-05-01 16:52:33,9.76
2025-05-01 17:17:01,9.76
2025-05-01 17:36:35,9.76
2025-05-01 17:49:58,9.76
2025-05-01 18:18:47,8.76
2025-05-01 18:45:06,8.76
2025-05-01 18:58:10,8.76
2025-05-01 19:20:48,9.81
2025-05-01 19:35:52,8.76
2025-05-01 19:48:51,8.76
2025-05-01 20:11:41,6.76
2025-05-01 20:32:46,6.76
2025-05-01 20:49:51,6.76
2025-05-01 20:59:42,6.76
2025-05-01 21:24:01,9.96
2025-05-01 21:39:11,7.76
2025-05-01 21:52:28,7.76
2025-05-01 22:18:05,9.76
2025-05-01 22:39:07,9.76
2025-05-01 22:52:20,9.76
2025-05-01 23:17:47,11.76
2025-05-01 23:33:54,11.76
2025-05-01 23:47:05,11.76
2025-05-02 00:00:02,11.76
2025-05-02 02:05:40,14.76
2025-05-02 03:14:04,16.76
2025-05-02 03:49:19,16.76
2025-05-02 04:14:45,16.76
2025-05-02 04:40:35,16.76
2025-05-02 04:55:02,16.76
2025-05-02 05:25:04,18.73
2025-05-02 05:43:36,16.76
2025-05-02 05:56:54,16.76
2025-05-02 06:36:35,17.76
2025-05-02 06:54:06,17.76
2025-05-02 07:22:11,17.76
2025-05-02 07:37:41,17.76
2025-05-02 07:50:56,17.76
2025-05-02 08:20:22,17.45
2025-05-02 08:44:21,15.76
2025-05-02 08:57:29,15.76
2025-05-02 09:27:40,14.76
2025-05-02 09:43:26,14.76
2025-05-02 09:56:35,14.76
2025-05-02 10:28:33,13.76
2025-05-02 10:46:45,13.76
2025-05-02 11:00:03,13.76
2025-05-02 11:23:14,12.76
2025-05-02 11:39:01,12.76
2025-05-02 11:52:26,12.76
2025-05-02 12:37:29,12.76
2025-05-02 13:15:40,12.76
2025-05-02 13:40:55,12.76
2025-05-02 13:54:12,12.76
2025-05-02 14:21:23,12.76
2025-05-02 14:41:33,12.76
2025-05-02 14:54:34,12.76
2025-05-02 15:24:45,12.76
2025-05-02 15:55:44,12.76
2025-05-02 16:32:28,12.76
2025-05-02 16:51:38,12.76
2025-05-02 17:15:07,9.82
2025-05-02 17:35:25,10.76
2025-05-02 17:48:50,10.76
2025-05-02 18:15:07,10.76
2025-05-02 18:42:57,10.76
2025-05-02 18:56:00,10.76
2025-05-02 19:20:14,9.76
2025-05-02 19:35:26,9.76
2025-05-02 19:48:58,9.76
2025-05-02 20:12:49,9.76
2025-05-02 20:34:15,8.76
2025-05-02 20:47:54,8.76
2025-05-02 21:07:54,8.76
2025-05-02 21:28:47,8.76
2025-05-02 21:43:10,8.76
2025-05-02 21:56:05,8.76
2025-05-02 22:25:49,8.76
2025-05-02 22:45:35,8.76
2025-05-02 22:58:46,8.76
2025-05-02 23:24:46,9.76
2025-05-02 23:41:00,9.76
2025-05-02 23:54:17,9.76
2025-05-03 01:51:05,9.76
2025-05-03 03:01:00,10.76
2025-05-03 03:40:46,10.76
2025-05-03 03:56:49,10.76
2025-05-03 04:29:57,12.76
2025-05-03 04:48:23,12.76
2025-05-03 05:10:09,12.76
2025-05-03 05:33:39,13.76
2025-05-03 05:46:50,13.76
2025-05-03 05:59:53,13.76
2025-05-03 06:34:48,12.76
2025-05-03 06:51:41,12.76
2025-05-03 07:15:19,13.76
2025-05-03 07:29:59,13.76
2025-05-03 07:43:10,13.76
2025-05-03 07:56:29,13.76
2025-05-03 08:30:28,13.76
2025-05-03 08:48:01,13.76
2025-05-03 09:08:48,13.76
2025-05-03 09:29:22,12.76
2025-05-03 09:42:30,12.76
2025-05-03 09:55:50,12.76
2025-05-03 10:25:53,11.76
2025-05-03 10:43:26,11.76
2025-05-03 10:56:21,11.76
2025-05-03 11:19:59,10.76
2025-05-03 11:34:32,10.76
2025-05-03 11:47:59,10.76
2025-05-03 12:14:56,10.76
2025-05-03 12:55:35,10.76
2025-05-03 13:29:07,9.76
2025-05-03 13:43:16,9.76
2025-05-03 13:56:14,9.76
2025-05-03 14:23:15,10.25
2025-05-03 14:40:14,9.76
2025-05-03 14:53:26,9.76
2025-05-03 15:19:58,10.04
2025-05-03 15:36:31,9.76
2025-05-03 15:49:38,9.76
2025-05-03 16:13:58,9.79
2025-05-03 16:40:07,8.76
2025-05-03 16:53:08,8.76
2025-05-03 17:16:19,9.54
2025-05-03 17:32:59,6.76
2025-05-03 17:46:01,6.76
2025-05-03 17:58:59,6.76
2025-05-03 18:33:41,5.76
2025-05-03 18:50:02,5.76
2025-05-03 19:09:48,5.76
2025-05-03 19:25:01,5.76
2025-05-03 19:39:27,5.76
2025-05-03 19:52:46,5.76
2025-05-03 20:19:51,4.76
2025-05-03 20:36:56,4.76
2025-05-03 20:50:02,4.76
2025-05-03 21:11:47,4.76
2025-05-03 21:29:33,4.76
2025-05-03 21:42:37,4.76
2025-05-03 21:55:49,4.76
2025-05-03 22:24:11,9.76
2025-05-03 22:41:40,9.76
2025-05-03 22:55:00,9.76
2025-05-03 23:22:21,12.76
2025-05-03 23:37:21,12.76
2025-05-03 23:50:32,12.76
2025-05-04 01:18:09,16.45
2025-05-04 02:57:27,17.76
2025-05-04 03:48:28,18.76
2025-05-04 04:14:10,18.67
2025-05-04 04:39:49,18.76
2025-05-04 04:53:23,18.76
2025-05-04 05:19:50,19.76
2025-05-04 05:39:16,19.76
2025-05-04 05:52:22,19.76
2025-05-04 06:25:38,18.76
2025-05-04 06:48:32,18.76
2025-05-04 07:09:26,18.76
2025-05-04 07:27:38,17.76
2025-05-04 07:40:40,17.76
2025-05-04 07:53:35,17.76
2025-05-04 08:25:37,17.76
2025-05-04 08:44:58,17.76
